{
    "run_0": 0.009179652516568153,
    "run_1": 0.13572452086691741,
    "run_2": 0.18574243238402294,
    "run_3": 0.18726491133799034,
    "run_4": 0.20441518896650546,
    "run_5": 0.1984596095289271,
    "run_6": 0.19698190936772345,
    "run_7": 0.19707146695325095,
    "run_8": 0.18462296256492924,
    "run_9": 0.16890560630485402,
    "run_10": 0.19030986924592513,
    "run_11": 0.184846856528748,
    "run_12": 0.18453340497940177,
    "run_13": 0.18690668099588034,
    "run_14": 0.19080243596632634,
    "run_15": 0.1911606663084363,
    "run_16": 0.18520508687085796,
    "run_17": 0.1701146337094752,
    "run_18": 0.18735446892351781,
    "run_19": 0.1877126992656278,
    "run_20": 0.18945907218341393,
    "run_22": 0.015359125917965252,
    "run_23": 0.015359125917965252,
    "run_24": 0.015359125917965252,
    "run_25": 0.07057137739566541,
    "run_26": 0.04330109260254344,
    "run_27": 0.04330109260254344,
    "run_28": 0.050958266165144185,
    "run_29": 0.06340677055346589,
    "run_30": 0.06582482536270823,
    "run_31": 0.06439190399426832,
    "run_32": 0.06501880709296078,
    "run_33": 0.06551137381336199,
    "run_34": 0.06680995880351066,
    "run_35": 0.06515314347125202,
    "run_36": 0.06627261329034569,
    "run_37": 0.06640694966863693,
    "run_38": 0.06689951638903816,
    "run_39": 0.06560093139888949,
    "run_40": 0.06676518001074691,
    "run_41": 0.06470535554361455,
    "run_42": 0.07030270463908293,
    "run_43": 0.061167830915278526,
    "run_44": 0.0707504925667204,
    "run_45": 0.07039226222461042,
    "run_46": 0.07043704101737418,
    "run_47": 0.07218341393516031,
    "run_48": 0.07218341393516031,
    "run_49": 0.03604692817481641,
    "run_50": 0.03604692817481641,
    "run_51": 0.020553465878559916
}