{
    "run_0": 0.009179652516568153,
    "run_1": 0.13572452086691741,
    "run_2": 0.18574243238402294,
    "run_3": 0.18726491133799034,
    "run_4": 0.20441518896650546,
    "run_5": 0.1984596095289271,
    "run_6": 0.19698190936772345,
    "run_7": 0.19707146695325095,
    "run_8": 0.18462296256492924,
    "run_9": 0.16890560630485402,
    "run_10": 0.19030986924592513,
    "run_11": 0.184846856528748,
    "run_12": 0.18453340497940177,
    "run_13": 0.18690668099588034,
    "run_14": 0.19080243596632634,
    "run_15": 0.1911606663084363,
    "run_16": 0.18520508687085796,
    "run_17": 0.1701146337094752,
    "run_18": 0.18735446892351781,
    "run_19": 0.1877126992656278,
    "run_20": 0.18945907218341393,
    "run_22": 0.015359125917965252,
    "run_23": 0.015359125917965252
}